StudentID,CourseID
20190006,1
20190006,2
20190006,3
20190006,4
20190006,5
20190006,7
20190006,8
20190006,9
20190006,10
20190006,11
20190006,13
20190006,14
20190006,15
20190006,16
20190006,18
20190006,19
20190006,20
20190006,21
20190006,22
20190006,25
20190006,178
20190006,6
20190006,12
20190006,17
20190006,23
20190006,24
20190006,26
20190006,27
20190006,29
20190006,32
20190006,50
20190006,51
20190006,52
20190006,53
20190006,75
20190006,82
20190018,1
20190018,2
20190018,3
20190018,4
20190018,5
20190018,7
20190018,8
20190018,9
20190018,10
20190018,11
20190018,13
20190018,14
20190018,15
20190018,16
20190018,18
20190018,19
20190018,20
20190018,21
20190018,22
20190018,25
20190018,178
20190018,6
20190018,12
20190018,17
20190018,23
20190018,24
20190018,26
20190018,27
20190018,29
20190018,32
20190018,50
20190018,51
20190018,52
20190018,53
20190018,75
20190018,82
20190021,1
20190021,2
20190021,3
20190021,4
20190021,5
20190021,7
20190021,8
20190021,9
20190021,10
20190021,11
20190021,13
20190021,14
20190021,15
20190021,16
20190021,18
20190021,19
20190021,20
20190021,21
20190021,22
20190021,25
20190021,178
20190021,6
20190021,12
20190021,17
20190021,23
20190021,24
20190021,26
20190021,27
20190021,29
20190021,32
20190021,50
20190021,51
20190021,52
20190021,53
20190021,75
20190021,82
20190028,1
20190028,2
20190028,3
20190028,4
20190028,5
20190028,7
20190028,8
20190028,9
20190028,10
20190028,11
20190028,13
20190028,14
20190028,15
20190028,16
20190028,18
20190028,19
20190028,20
20190028,21
20190028,22
20190028,25
20190028,178
20190028,6
20190028,12
20190028,17
20190028,23
20190028,24
20190028,26
20190028,27
20190028,29
20190028,32
20190028,50
20190028,51
20190028,52
20190028,53
20190028,75
20190028,82
20190029,1
20190029,2
20190029,3
20190029,4
20190029,5
20190029,7
20190029,8
20190029,9
20190029,10
20190029,11
20190029,13
20190029,14
20190029,15
20190029,16
20190029,18
20190029,19
20190029,20
20190029,21
20190029,22
20190029,25
20190029,178
20190029,6
20190029,12
20190029,17
20190029,23
20190029,24
20190029,26
20190029,27
20190029,29
20190029,32
20190029,50
20190029,51
20190029,52
20190029,53
20190029,75
20190029,82
20190035,1
20190035,2
20190035,3
20190035,4
20190035,5
20190035,7
20190035,8
20190035,9
20190035,10
20190035,11
20190035,13
20190035,14
20190035,15
20190035,16
20190035,18
20190035,19
20190035,20
20190035,21
20190035,22
20190035,25
20190035,178
20190035,6
20190035,12
20190035,17
20190035,23
20190035,24
20190035,26
20190035,27
20190035,29
20190035,32
20190035,50
20190035,51
20190035,52
20190035,53
20190035,75
20190035,82
20190036,1
20190036,2
20190036,3
20190036,4
20190036,5
20190036,7
20190036,8
20190036,9
20190036,10
20190036,11
20190036,13
20190036,14
20190036,15
20190036,16
20190036,18
20190036,19
20190036,20
20190036,21
20190036,22
20190036,25
20190036,178
20190036,6
20190036,12
20190036,17
20190036,23
20190036,24
20190036,26
20190036,27
20190036,29
20190036,32
20190036,50
20190036,51
20190036,52
20190036,53
20190036,75
20190036,82
20190038,1
20190038,2
20190038,3
20190038,4
20190038,5
20190038,7
20190038,8
20190038,9
20190038,10
20190038,11
20190038,13
20190038,14
20190038,15
20190038,16
20190038,18
20190038,19
20190038,20
20190038,21
20190038,22
20190038,25
20190038,178
20190038,6
20190038,12
20190038,17
20190038,23
20190038,24
20190038,26
20190038,27
20190038,29
20190038,32
20190038,50
20190038,51
20190038,52
20190038,53
20190038,75
20190038,82
20190039,1
20190039,2
20190039,3
20190039,4
20190039,5
20190039,7
20190039,8
20190039,9
20190039,10
20190039,11
20190039,13
20190039,14
20190039,15
20190039,16
20190039,18
20190039,19
20190039,20
20190039,21
20190039,22
20190039,25
20190039,178
20190039,6
20190039,12
20190039,17
20190039,23
20190039,24
20190039,26
20190039,27
20190039,29
20190039,32
20190039,50
20190039,51
20190039,52
20190039,53
20190039,75
20190039,82
20190042,1
20190042,2
20190042,3
20190042,4
20190042,5
20190042,7
20190042,8
20190042,9
20190042,10
20190042,11
20190042,13
20190042,14
20190042,15
20190042,16
20190042,18
20190042,19
20190042,20
20190042,21
20190042,22
20190042,25
20190042,178
20190042,6
20190042,12
20190042,17
20190042,23
20190042,24
20190042,26
20190042,27
20190042,29
20190042,32
20190042,50
20190042,51
20190042,52
20190042,53
20190042,75
20190042,82
20190043,1
20190043,2
20190043,3
20190043,4
20190043,5
20190043,7
20190043,8
20190043,9
20190043,10
20190043,11
20190043,13
20190043,14
20190043,15
20190043,16
20190043,18
20190043,19
20190043,20
20190043,21
20190043,22
20190043,25
20190043,178
20190043,6
20190043,12
20190043,17
20190043,23
20190043,24
20190043,26
20190043,27
20190043,29
20190043,32
20190043,50
20190043,51
20190043,52
20190043,53
20190043,75
20190043,82
20190061,1
20190061,2
20190061,3
20190061,4
20190061,5
20190061,7
20190061,8
20190061,9
20190061,10
20190061,11
20190061,13
20190061,14
20190061,15
20190061,16
20190061,18
20190061,19
20190061,20
20190061,21
20190061,22
20190061,25
20190061,178
20190061,6
20190061,12
20190061,17
20190061,23
20190061,24
20190061,26
20190061,27
20190061,29
20190061,32
20190061,50
20190061,51
20190061,52
20190061,53
20190061,75
20190061,82
20190065,1
20190065,2
20190065,3
20190065,4
20190065,5
20190065,7
20190065,8
20190065,9
20190065,10
20190065,11
20190065,13
20190065,14
20190065,15
20190065,16
20190065,18
20190065,19
20190065,20
20190065,21
20190065,22
20190065,25
20190065,178
20190065,6
20190065,12
20190065,17
20190065,23
20190065,24
20190065,26
20190065,27
20190065,29
20190065,32
20190065,50
20190065,51
20190065,52
20190065,53
20190065,75
20190065,82
20190073,1
20190073,2
20190073,3
20190073,4
20190073,5
20190073,7
20190073,8
20190073,9
20190073,10
20190073,11
20190073,13
20190073,14
20190073,15
20190073,16
20190073,18
20190073,19
20190073,20
20190073,21
20190073,22
20190073,25
20190073,178
20190073,6
20190073,12
20190073,17
20190073,23
20190073,24
20190073,26
20190073,27
20190073,29
20190073,32
20190073,50
20190073,51
20190073,52
20190073,53
20190073,75
20190073,82
20190077,1
20190077,2
20190077,3
20190077,4
20190077,5
20190077,7
20190077,8
20190077,9
20190077,10
20190077,11
20190077,13
20190077,14
20190077,15
20190077,16
20190077,18
20190077,19
20190077,20
20190077,21
20190077,22
20190077,25
20190077,178
20190077,6
20190077,12
20190077,17
20190077,23
20190077,24
20190077,26
20190077,27
20190077,29
20190077,32
20190077,50
20190077,51
20190077,52
20190077,53
20190077,75
20190077,82
20190086,1
20190086,2
20190086,3
20190086,4
20190086,5
20190086,7
20190086,8
20190086,9
20190086,10
20190086,11
20190086,13
20190086,14
20190086,15
20190086,16
20190086,18
20190086,19
20190086,20
20190086,21
20190086,22
20190086,25
20190086,178
20190086,6
20190086,12
20190086,17
20190086,23
20190086,24
20190086,26
20190086,27
20190086,29
20190086,32
20190086,50
20190086,51
20190086,52
20190086,53
20190086,75
20190086,82
20190088,1
20190088,2
20190088,3
20190088,4
20190088,5
20190088,7
20190088,8
20190088,9
20190088,10
20190088,11
20190088,13
20190088,14
20190088,15
20190088,16
20190088,18
20190088,19
20190088,20
20190088,21
20190088,22
20190088,25
20190088,178
20190088,6
20190088,12
20190088,17
20190088,23
20190088,24
20190088,26
20190088,27
20190088,29
20190088,32
20190088,50
20190088,51
20190088,52
20190088,53
20190088,75
20190088,82
20190093,1
20190093,2
20190093,3
20190093,4
20190093,5
20190093,7
20190093,8
20190093,9
20190093,10
20190093,11
20190093,13
20190093,14
20190093,15
20190093,16
20190093,18
20190093,19
20190093,20
20190093,21
20190093,22
20190093,25
20190093,178
20190093,6
20190093,12
20190093,17
20190093,23
20190093,24
20190093,26
20190093,27
20190093,29
20190093,32
20190093,50
20190093,51
20190093,52
20190093,53
20190093,75
20190093,82
20190097,1
20190097,2
20190097,3
20190097,4
20190097,5
20190097,7
20190097,8
20190097,9
20190097,10
20190097,11
20190097,13
20190097,14
20190097,15
20190097,16
20190097,18
20190097,19
20190097,20
20190097,21
20190097,22
20190097,25
20190097,178
20190097,6
20190097,12
20190097,17
20190097,23
20190097,24
20190097,26
20190097,27
20190097,29
20190097,32
20190097,50
20190097,51
20190097,52
20190097,53
20190097,75
20190097,82
20190099,1
20190099,2
20190099,3
20190099,4
20190099,5
20190099,7
20190099,8
20190099,9
20190099,10
20190099,11
20190099,13
20190099,14
20190099,15
20190099,16
20190099,18
20190099,19
20190099,20
20190099,21
20190099,22
20190099,25
20190099,178
20190099,6
20190099,12
20190099,17
20190099,23
20190099,24
20190099,26
20190099,27
20190099,29
20190099,32
20190099,50
20190099,51
20190099,52
20190099,53
20190099,75
20190099,82
20190101,1
20190101,2
20190101,3
20190101,4
20190101,5
20190101,7
20190101,8
20190101,9
20190101,10
20190101,11
20190101,13
20190101,14
20190101,15
20190101,16
20190101,18
20190101,19
20190101,20
20190101,21
20190101,22
20190101,25
20190101,178
20190101,6
20190101,12
20190101,17
20190101,23
20190101,24
20190101,26
20190101,27
20190101,29
20190101,32
20190101,50
20190101,51
20190101,52
20190101,53
20190101,75
20190101,82
20190106,1
20190106,2
20190106,3
20190106,4
20190106,5
20190106,7
20190106,8
20190106,9
20190106,10
20190106,11
20190106,13
20190106,14
20190106,15
20190106,16
20190106,18
20190106,19
20190106,20
20190106,21
20190106,22
20190106,25
20190106,178
20190106,6
20190106,12
20190106,17
20190106,23
20190106,24
20190106,26
20190106,27
20190106,29
20190106,32
20190106,50
20190106,51
20190106,52
20190106,53
20190106,75
20190106,82
20190109,1
20190109,2
20190109,3
20190109,4
20190109,5
20190109,7
20190109,8
20190109,9
20190109,10
20190109,11
20190109,13
20190109,14
20190109,15
20190109,16
20190109,18
20190109,19
20190109,20
20190109,21
20190109,22
20190109,25
20190109,178
20190109,6
20190109,12
20190109,17
20190109,23
20190109,24
20190109,26
20190109,27
20190109,29
20190109,32
20190109,50
20190109,51
20190109,52
20190109,53
20190109,75
20190109,82
20190117,1
20190117,2
20190117,3
20190117,4
20190117,5
20190117,7
20190117,8
20190117,9
20190117,10
20190117,11
20190117,13
20190117,14
20190117,15
20190117,16
20190117,18
20190117,19
20190117,20
20190117,21
20190117,22
20190117,25
20190117,178
20190117,6
20190117,12
20190117,17
20190117,23
20190117,24
20190117,26
20190117,27
20190117,29
20190117,32
20190117,50
20190117,51
20190117,52
20190117,53
20190117,75
20190117,82
20190118,1
20190118,2
20190118,3
20190118,4
20190118,5
20190118,7
20190118,8
20190118,9
20190118,10
20190118,11
20190118,13
20190118,14
20190118,15
20190118,16
20190118,18
20190118,19
20190118,20
20190118,21
20190118,22
20190118,25
20190118,178
20190118,6
20190118,12
20190118,17
20190118,23
20190118,24
20190118,26
20190118,27
20190118,29
20190118,32
20190118,50
20190118,51
20190118,52
20190118,53
20190118,75
20190118,82
20190119,1
20190119,2
20190119,3
20190119,4
20190119,5
20190119,7
20190119,8
20190119,9
20190119,10
20190119,11
20190119,13
20190119,14
20190119,15
20190119,16
20190119,18
20190119,19
20190119,20
20190119,21
20190119,22
20190119,25
20190119,178
20190119,6
20190119,12
20190119,17
20190119,23
20190119,24
20190119,26
20190119,27
20190119,29
20190119,32
20190119,50
20190119,51
20190119,52
20190119,53
20190119,75
20190119,82
20190120,1
20190120,2
20190120,3
20190120,4
20190120,5
20190120,7
20190120,8
20190120,9
20190120,10
20190120,11
20190120,13
20190120,14
20190120,15
20190120,16
20190120,18
20190120,19
20190120,20
20190120,21
20190120,22
20190120,25
20190120,178
20190120,6
20190120,12
20190120,17
20190120,23
20190120,24
20190120,26
20190120,27
20190120,29
20190120,32
20190120,50
20190120,51
20190120,52
20190120,53
20190120,75
20190120,82
20190123,1
20190123,2
20190123,3
20190123,4
20190123,5
20190123,7
20190123,8
20190123,9
20190123,10
20190123,11
20190123,13
20190123,14
20190123,15
20190123,16
20190123,18
20190123,19
20190123,20
20190123,21
20190123,22
20190123,25
20190123,178
20190123,6
20190123,12
20190123,17
20190123,23
20190123,24
20190123,26
20190123,27
20190123,29
20190123,32
20190123,50
20190123,51
20190123,52
20190123,53
20190123,75
20190123,82
20190125,1
20190125,2
20190125,3
20190125,4
20190125,5
20190125,7
20190125,8
20190125,9
20190125,10
20190125,11
20190125,13
20190125,14
20190125,15
20190125,16
20190125,18
20190125,19
20190125,20
20190125,21
20190125,22
20190125,25
20190125,178
20190125,6
20190125,12
20190125,17
20190125,23
20190125,24
20190125,26
20190125,27
20190125,29
20190125,32
20190125,50
20190125,51
20190125,52
20190125,53
20190125,75
20190125,82
20190128,1
20190128,2
20190128,3
20190128,4
20190128,5
20190128,7
20190128,8
20190128,9
20190128,10
20190128,11
20190128,13
20190128,14
20190128,15
20190128,16
20190128,18
20190128,19
20190128,20
20190128,21
20190128,22
20190128,25
20190128,178
20190128,6
20190128,12
20190128,17
20190128,23
20190128,24
20190128,26
20190128,27
20190128,29
20190128,32
20190128,50
20190128,51
20190128,52
20190128,53
20190128,75
20190128,82
20190135,1
20190135,2
20190135,3
20190135,4
20190135,5
20190135,7
20190135,8
20190135,9
20190135,10
20190135,11
20190135,13
20190135,14
20190135,15
20190135,16
20190135,18
20190135,19
20190135,20
20190135,21
20190135,22
20190135,25
20190135,178
20190135,6
20190135,12
20190135,17
20190135,23
20190135,24
20190135,26
20190135,27
20190135,29
20190135,32
20190135,50
20190135,51
20190135,52
20190135,53
20190135,75
20190135,82
20190138,1
20190138,2
20190138,3
20190138,4
20190138,5
20190138,7
20190138,8
20190138,9
20190138,10
20190138,11
20190138,13
20190138,14
20190138,15
20190138,16
20190138,18
20190138,19
20190138,20
20190138,21
20190138,22
20190138,25
20190138,178
20190138,6
20190138,12
20190138,17
20190138,23
20190138,24
20190138,26
20190138,27
20190138,29
20190138,32
20190138,50
20190138,51
20190138,52
20190138,53
20190138,75
20190138,82
20190148,1
20190148,2
20190148,3
20190148,4
20190148,5
20190148,7
20190148,8
20190148,9
20190148,10
20190148,11
20190148,13
20190148,14
20190148,15
20190148,16
20190148,18
20190148,19
20190148,20
20190148,21
20190148,22
20190148,25
20190148,178
20190148,6
20190148,12
20190148,17
20190148,23
20190148,24
20190148,26
20190148,27
20190148,29
20190148,32
20190148,50
20190148,51
20190148,52
20190148,53
20190148,75
20190148,82
20190154,1
20190154,2
20190154,3
20190154,4
20190154,5
20190154,7
20190154,8
20190154,9
20190154,10
20190154,11
20190154,13
20190154,14
20190154,15
20190154,16
20190154,18
20190154,19
20190154,20
20190154,21
20190154,22
20190154,25
20190154,178
20190154,6
20190154,12
20190154,17
20190154,23
20190154,24
20190154,26
20190154,27
20190154,29
20190154,32
20190154,50
20190154,51
20190154,52
20190154,53
20190154,75
20190154,82
20190160,1
20190160,2
20190160,3
20190160,4
20190160,5
20190160,7
20190160,8
20190160,9
20190160,10
20190160,11
20190160,13
20190160,14
20190160,15
20190160,16
20190160,18
20190160,19
20190160,20
20190160,21
20190160,22
20190160,25
20190160,178
20190160,6
20190160,12
20190160,17
20190160,23
20190160,24
20190160,26
20190160,27
20190160,29
20190160,32
20190160,50
20190160,51
20190160,52
20190160,53
20190160,75
20190160,82
20190164,1
20190164,2
20190164,3
20190164,4
20190164,5
20190164,7
20190164,8
20190164,9
20190164,10
20190164,11
20190164,13
20190164,14
20190164,15
20190164,16
20190164,18
20190164,19
20190164,20
20190164,21
20190164,22
20190164,25
20190164,178
20190164,6
20190164,12
20190164,17
20190164,23
20190164,24
20190164,26
20190164,27
20190164,29
20190164,32
20190164,50
20190164,51
20190164,52
20190164,53
20190164,75
20190164,82
20190176,1
20190176,2
20190176,3
20190176,4
20190176,5
20190176,7
20190176,8
20190176,9
20190176,10
20190176,11
20190176,13
20190176,14
20190176,15
20190176,16
20190176,18
20190176,19
20190176,20
20190176,21
20190176,22
20190176,25
20190176,178
20190176,6
20190176,12
20190176,17
20190176,23
20190176,24
20190176,26
20190176,27
20190176,29
20190176,32
20190176,50
20190176,51
20190176,52
20190176,53
20190176,75
20190176,82
20190185,1
20190185,2
20190185,3
20190185,4
20190185,5
20190185,7
20190185,8
20190185,9
20190185,10
20190185,11
20190185,13
20190185,14
20190185,15
20190185,16
20190185,18
20190185,19
20190185,20
20190185,21
20190185,22
20190185,25
20190185,178
20190185,6
20190185,12
20190185,17
20190185,23
20190185,24
20190185,26
20190185,27
20190185,29
20190185,32
20190185,50
20190185,51
20190185,52
20190185,53
20190185,75
20190185,82
20190191,1
20190191,2
20190191,3
20190191,4
20190191,5
20190191,7
20190191,8
20190191,9
20190191,10
20190191,11
20190191,13
20190191,14
20190191,15
20190191,16
20190191,18
20190191,19
20190191,20
20190191,21
20190191,22
20190191,25
20190191,178
20190191,6
20190191,12
20190191,17
20190191,23
20190191,24
20190191,26
20190191,27
20190191,29
20190191,32
20190191,50
20190191,51
20190191,52
20190191,53
20190191,75
20190191,82
20190192,1
20190192,2
20190192,3
20190192,4
20190192,5
20190192,7
20190192,8
20190192,9
20190192,10
20190192,11
20190192,13
20190192,14
20190192,15
20190192,16
20190192,18
20190192,19
20190192,20
20190192,21
20190192,22
20190192,25
20190192,178
20190192,6
20190192,12
20190192,17
20190192,23
20190192,24
20190192,26
20190192,27
20190192,29
20190192,32
20190192,50
20190192,51
20190192,52
20190192,53
20190192,75
20190192,82
20190195,1
20190195,2
20190195,3
20190195,4
20190195,5
20190195,7
20190195,8
20190195,9
20190195,10
20190195,11
20190195,13
20190195,14
20190195,15
20190195,16
20190195,18
20190195,19
20190195,20
20190195,21
20190195,22
20190195,25
20190195,178
20190195,6
20190195,12
20190195,17
20190195,23
20190195,24
20190195,26
20190195,27
20190195,29
20190195,32
20190195,50
20190195,51
20190195,52
20190195,53
20190195,75
20190195,82
20190207,1
20190207,2
20190207,3
20190207,4
20190207,5
20190207,7
20190207,8
20190207,9
20190207,10
20190207,11
20190207,13
20190207,14
20190207,15
20190207,16
20190207,18
20190207,19
20190207,20
20190207,21
20190207,22
20190207,25
20190207,178
20190207,6
20190207,12
20190207,17
20190207,23
20190207,24
20190207,26
20190207,27
20190207,29
20190207,32
20190207,50
20190207,51
20190207,52
20190207,53
20190207,75
20190207,82
20190209,1
20190209,2
20190209,3
20190209,4
20190209,5
20190209,7
20190209,8
20190209,9
20190209,10
20190209,11
20190209,13
20190209,14
20190209,15
20190209,16
20190209,18
20190209,19
20190209,20
20190209,21
20190209,22
20190209,25
20190209,178
20190209,6
20190209,12
20190209,17
20190209,23
20190209,24
20190209,26
20190209,27
20190209,29
20190209,32
20190209,50
20190209,51
20190209,52
20190209,53
20190209,75
20190209,82
20190212,1
20190212,2
20190212,3
20190212,4
20190212,5
20190212,7
20190212,8
20190212,9
20190212,10
20190212,11
20190212,13
20190212,14
20190212,15
20190212,16
20190212,18
20190212,19
20190212,20
20190212,21
20190212,22
20190212,25
20190212,178
20190212,6
20190212,12
20190212,17
20190212,23
20190212,24
20190212,26
20190212,27
20190212,29
20190212,32
20190212,50
20190212,51
20190212,52
20190212,53
20190212,75
20190212,82
20190219,1
20190219,2
20190219,3
20190219,4
20190219,5
20190219,7
20190219,8
20190219,9
20190219,10
20190219,11
20190219,13
20190219,14
20190219,15
20190219,16
20190219,18
20190219,19
20190219,20
20190219,21
20190219,22
20190219,25
20190219,178
20190219,6
20190219,12
20190219,17
20190219,23
20190219,24
20190219,26
20190219,27
20190219,29
20190219,32
20190219,50
20190219,51
20190219,52
20190219,53
20190219,75
20190219,82
20190221,1
20190221,2
20190221,3
20190221,4
20190221,5
20190221,7
20190221,8
20190221,9
20190221,10
20190221,11
20190221,13
20190221,14
20190221,15
20190221,16
20190221,18
20190221,19
20190221,20
20190221,21
20190221,22
20190221,25
20190221,178
20190221,6
20190221,12
20190221,17
20190221,23
20190221,24
20190221,26
20190221,27
20190221,29
20190221,32
20190221,50
20190221,51
20190221,52
20190221,53
20190221,75
20190221,82
20190232,1
20190232,2
20190232,3
20190232,4
20190232,5
20190232,7
20190232,8
20190232,9
20190232,10
20190232,11
20190232,13
20190232,14
20190232,15
20190232,16
20190232,18
20190232,19
20190232,20
20190232,21
20190232,22
20190232,25
20190232,178
20190232,6
20190232,12
20190232,17
20190232,23
20190232,24
20190232,26
20190232,27
20190232,29
20190232,32
20190232,50
20190232,51
20190232,52
20190232,53
20190232,75
20190232,82
20190234,1
20190234,2
20190234,3
20190234,4
20190234,5
20190234,7
20190234,8
20190234,9
20190234,10
20190234,11
20190234,13
20190234,14
20190234,15
20190234,16
20190234,18
20190234,19
20190234,20
20190234,21
20190234,22
20190234,25
20190234,178
20190234,6
20190234,12
20190234,17
20190234,23
20190234,24
20190234,26
20190234,27
20190234,29
20190234,32
20190234,50
20190234,51
20190234,52
20190234,53
20190234,75
20190234,82
20190239,1
20190239,2
20190239,3
20190239,4
20190239,5
20190239,7
20190239,8
20190239,9
20190239,10
20190239,11
20190239,13
20190239,14
20190239,15
20190239,16
20190239,18
20190239,19
20190239,20
20190239,21
20190239,22
20190239,25
20190239,178
20190239,6
20190239,12
20190239,17
20190239,23
20190239,24
20190239,26
20190239,27
20190239,29
20190239,32
20190239,50
20190239,51
20190239,52
20190239,53
20190239,75
20190239,82
20190242,1
20190242,2
20190242,3
20190242,4
20190242,5
20190242,7
20190242,8
20190242,9
20190242,10
20190242,11
20190242,13
20190242,14
20190242,15
20190242,16
20190242,18
20190242,19
20190242,20
20190242,21
20190242,22
20190242,25
20190242,178
20190242,6
20190242,12
20190242,17
20190242,23
20190242,24
20190242,26
20190242,27
20190242,29
20190242,32
20190242,50
20190242,51
20190242,52
20190242,53
20190242,75
20190242,82
20190243,1
20190243,2
20190243,3
20190243,4
20190243,5
20190243,7
20190243,8
20190243,9
20190243,10
20190243,11
20190243,13
20190243,14
20190243,15
20190243,16
20190243,18
20190243,19
20190243,20
20190243,21
20190243,22
20190243,25
20190243,178
20190243,6
20190243,12
20190243,17
20190243,23
20190243,24
20190243,26
20190243,27
20190243,29
20190243,32
20190243,50
20190243,51
20190243,52
20190243,53
20190243,75
20190243,82
20190245,1
20190245,2
20190245,3
20190245,4
20190245,5
20190245,7
20190245,8
20190245,9
20190245,10
20190245,11
20190245,13
20190245,14
20190245,15
20190245,16
20190245,18
20190245,19
20190245,20
20190245,21
20190245,22
20190245,25
20190245,178
20190245,6
20190245,12
20190245,17
20190245,23
20190245,24
20190245,26
20190245,27
20190245,29
20190245,32
20190245,50
20190245,51
20190245,52
20190245,53
20190245,75
20190245,82
20190246,1
20190246,2
20190246,3
20190246,4
20190246,5
20190246,7
20190246,8
20190246,9
20190246,10
20190246,11
20190246,13
20190246,14
20190246,15
20190246,16
20190246,18
20190246,19
20190246,20
20190246,21
20190246,22
20190246,25
20190246,178
20190246,6
20190246,12
20190246,17
20190246,23
20190246,24
20190246,26
20190246,27
20190246,29
20190246,32
20190246,50
20190246,51
20190246,52
20190246,53
20190246,75
20190246,82
20190267,1
20190267,2
20190267,3
20190267,4
20190267,5
20190267,7
20190267,8
20190267,9
20190267,10
20190267,11
20190267,13
20190267,14
20190267,15
20190267,16
20190267,18
20190267,19
20190267,20
20190267,21
20190267,22
20190267,25
20190267,178
20190267,6
20190267,12
20190267,17
20190267,23
20190267,24
20190267,26
20190267,27
20190267,29
20190267,32
20190267,50
20190267,51
20190267,52
20190267,53
20190267,75
20190267,82
20190272,1
20190272,2
20190272,3
20190272,4
20190272,5
20190272,7
20190272,8
20190272,9
20190272,10
20190272,11
20190272,13
20190272,14
20190272,15
20190272,16
20190272,18
20190272,19
20190272,20
20190272,21
20190272,22
20190272,25
20190272,178
20190272,6
20190272,12
20190272,17
20190272,23
20190272,24
20190272,26
20190272,27
20190272,29
20190272,32
20190272,50
20190272,51
20190272,52
20190272,53
20190272,75
20190272,82
20190277,1
20190277,2
20190277,3
20190277,4
20190277,5
20190277,7
20190277,8
20190277,9
20190277,10
20190277,11
20190277,13
20190277,14
20190277,15
20190277,16
20190277,18
20190277,19
20190277,20
20190277,21
20190277,22
20190277,25
20190277,178
20190277,6
20190277,12
20190277,17
20190277,23
20190277,24
20190277,26
20190277,27
20190277,29
20190277,32
20190277,50
20190277,51
20190277,52
20190277,53
20190277,75
20190277,82
20190281,1
20190281,2
20190281,3
20190281,4
20190281,5
20190281,7
20190281,8
20190281,9
20190281,10
20190281,11
20190281,13
20190281,14
20190281,15
20190281,16
20190281,18
20190281,19
20190281,20
20190281,21
20190281,22
20190281,25
20190281,178
20190281,6
20190281,12
20190281,17
20190281,23
20190281,24
20190281,26
20190281,27
20190281,29
20190281,32
20190281,50
20190281,51
20190281,52
20190281,53
20190281,75
20190281,82
20190287,1
20190287,2
20190287,3
20190287,4
20190287,5
20190287,7
20190287,8
20190287,9
20190287,10
20190287,11
20190287,13
20190287,14
20190287,15
20190287,16
20190287,18
20190287,19
20190287,20
20190287,21
20190287,22
20190287,25
20190287,178
20190287,6
20190287,12
20190287,17
20190287,23
20190287,24
20190287,26
20190287,27
20190287,29
20190287,32
20190287,50
20190287,51
20190287,52
20190287,53
20190287,75
20190287,82
20190293,1
20190293,2
20190293,3
20190293,4
20190293,5
20190293,7
20190293,8
20190293,9
20190293,10
20190293,11
20190293,13
20190293,14
20190293,15
20190293,16
20190293,18
20190293,19
20190293,20
20190293,21
20190293,22
20190293,25
20190293,178
20190293,6
20190293,12
20190293,17
20190293,23
20190293,24
20190293,26
20190293,27
20190293,29
20190293,32
20190293,50
20190293,51
20190293,52
20190293,53
20190293,75
20190293,82
20190302,1
20190302,2
20190302,3
20190302,4
20190302,5
20190302,7
20190302,8
20190302,9
20190302,10
20190302,11
20190302,13
20190302,14
20190302,15
20190302,16
20190302,18
20190302,19
20190302,20
20190302,21
20190302,22
20190302,25
20190302,178
20190302,6
20190302,12
20190302,17
20190302,23
20190302,24
20190302,26
20190302,27
20190302,29
20190302,32
20190302,50
20190302,51
20190302,52
20190302,53
20190302,75
20190302,82
20190305,1
20190305,2
20190305,3
20190305,4
20190305,5
20190305,7
20190305,8
20190305,9
20190305,10
20190305,11
20190305,13
20190305,14
20190305,15
20190305,16
20190305,18
20190305,19
20190305,20
20190305,21
20190305,22
20190305,25
20190305,178
20190305,6
20190305,12
20190305,17
20190305,23
20190305,24
20190305,26
20190305,27
20190305,29
20190305,32
20190305,50
20190305,51
20190305,52
20190305,53
20190305,75
20190305,82
20190312,1
20190312,2
20190312,3
20190312,4
20190312,5
20190312,7
20190312,8
20190312,9
20190312,10
20190312,11
20190312,13
20190312,14
20190312,15
20190312,16
20190312,18
20190312,19
20190312,20
20190312,21
20190312,22
20190312,25
20190312,178
20190312,6
20190312,12
20190312,17
20190312,23
20190312,24
20190312,26
20190312,27
20190312,29
20190312,32
20190312,50
20190312,51
20190312,52
20190312,53
20190312,75
20190312,82
20190318,1
20190318,2
20190318,3
20190318,4
20190318,5
20190318,7
20190318,8
20190318,9
20190318,10
20190318,11
20190318,13
20190318,14
20190318,15
20190318,16
20190318,18
20190318,19
20190318,20
20190318,21
20190318,22
20190318,25
20190318,178
20190318,6
20190318,12
20190318,17
20190318,23
20190318,24
20190318,26
20190318,27
20190318,29
20190318,32
20190318,50
20190318,51
20190318,52
20190318,53
20190318,75
20190318,82
20190320,1
20190320,2
20190320,3
20190320,4
20190320,5
20190320,7
20190320,8
20190320,9
20190320,10
20190320,11
20190320,13
20190320,14
20190320,15
20190320,16
20190320,18
20190320,19
20190320,20
20190320,21
20190320,22
20190320,25
20190320,178
20190320,6
20190320,12
20190320,17
20190320,23
20190320,24
20190320,26
20190320,27
20190320,29
20190320,32
20190320,50
20190320,51
20190320,52
20190320,53
20190320,75
20190320,82
20190321,1
20190321,2
20190321,3
20190321,4
20190321,5
20190321,7
20190321,8
20190321,9
20190321,10
20190321,11
20190321,13
20190321,14
20190321,15
20190321,16
20190321,18
20190321,19
20190321,20
20190321,21
20190321,22
20190321,25
20190321,178
20190321,6
20190321,12
20190321,17
20190321,23
20190321,24
20190321,26
20190321,27
20190321,29
20190321,32
20190321,50
20190321,51
20190321,52
20190321,53
20190321,75
20190321,82
20190323,1
20190323,2
20190323,3
20190323,4
20190323,5
20190323,7
20190323,8
20190323,9
20190323,10
20190323,11
20190323,13
20190323,14
20190323,15
20190323,16
20190323,18
20190323,19
20190323,20
20190323,21
20190323,22
20190323,25
20190323,178
20190323,6
20190323,12
20190323,17
20190323,23
20190323,24
20190323,26
20190323,27
20190323,29
20190323,32
20190323,50
20190323,51
20190323,52
20190323,53
20190323,75
20190323,82
20190326,1
20190326,2
20190326,3
20190326,4
20190326,5
20190326,7
20190326,8
20190326,9
20190326,10
20190326,11
20190326,13
20190326,14
20190326,15
20190326,16
20190326,18
20190326,19
20190326,20
20190326,21
20190326,22
20190326,25
20190326,178
20190326,6
20190326,12
20190326,17
20190326,23
20190326,24
20190326,26
20190326,27
20190326,29
20190326,32
20190326,50
20190326,51
20190326,52
20190326,53
20190326,75
20190326,82
20190331,1
20190331,2
20190331,3
20190331,4
20190331,5
20190331,7
20190331,8
20190331,9
20190331,10
20190331,11
20190331,13
20190331,14
20190331,15
20190331,16
20190331,18
20190331,19
20190331,20
20190331,21
20190331,22
20190331,25
20190331,178
20190331,6
20190331,12
20190331,17
20190331,23
20190331,24
20190331,26
20190331,27
20190331,29
20190331,32
20190331,50
20190331,51
20190331,52
20190331,53
20190331,75
20190331,82
20190336,1
20190336,2
20190336,3
20190336,4
20190336,5
20190336,7
20190336,8
20190336,9
20190336,10
20190336,11
20190336,13
20190336,14
20190336,15
20190336,16
20190336,18
20190336,19
20190336,20
20190336,21
20190336,22
20190336,25
20190336,178
20190336,6
20190336,12
20190336,17
20190336,23
20190336,24
20190336,26
20190336,27
20190336,29
20190336,32
20190336,50
20190336,51
20190336,52
20190336,53
20190336,75
20190336,82
20190338,1
20190338,2
20190338,3
20190338,4
20190338,5
20190338,7
20190338,8
20190338,9
20190338,10
20190338,11
20190338,13
20190338,14
20190338,15
20190338,16
20190338,18
20190338,19
20190338,20
20190338,21
20190338,22
20190338,25
20190338,178
20190338,6
20190338,12
20190338,17
20190338,23
20190338,24
20190338,26
20190338,27
20190338,29
20190338,32
20190338,50
20190338,51
20190338,52
20190338,53
20190338,75
20190338,82
20190339,1
20190339,2
20190339,3
20190339,4
20190339,5
20190339,7
20190339,8
20190339,9
20190339,10
20190339,11
20190339,13
20190339,14
20190339,15
20190339,16
20190339,18
20190339,19
20190339,20
20190339,21
20190339,22
20190339,25
20190339,178
20190339,6
20190339,12
20190339,17
20190339,23
20190339,24
20190339,26
20190339,27
20190339,29
20190339,32
20190339,50
20190339,51
20190339,52
20190339,53
20190339,75
20190339,82
20190342,1
20190342,2
20190342,3
20190342,4
20190342,5
20190342,7
20190342,8
20190342,9
20190342,10
20190342,11
20190342,13
20190342,14
20190342,15
20190342,16
20190342,18
20190342,19
20190342,20
20190342,21
20190342,22
20190342,25
20190342,178
20190342,6
20190342,12
20190342,17
20190342,23
20190342,24
20190342,26
20190342,27
20190342,29
20190342,32
20190342,50
20190342,51
20190342,52
20190342,53
20190342,75
20190342,82
20190344,1
20190344,2
20190344,3
20190344,4
20190344,5
20190344,7
20190344,8
20190344,9
20190344,10
20190344,11
20190344,13
20190344,14
20190344,15
20190344,16
20190344,18
20190344,19
20190344,20
20190344,21
20190344,22
20190344,25
20190344,178
20190344,6
20190344,12
20190344,17
20190344,23
20190344,24
20190344,26
20190344,27
20190344,29
20190344,32
20190344,50
20190344,51
20190344,52
20190344,53
20190344,75
20190344,82
20190347,1
20190347,2
20190347,3
20190347,4
20190347,5
20190347,7
20190347,8
20190347,9
20190347,10
20190347,11
20190347,13
20190347,14
20190347,15
20190347,16
20190347,18
20190347,19
20190347,20
20190347,21
20190347,22
20190347,25
20190347,178
20190347,6
20190347,12
20190347,17
20190347,23
20190347,24
20190347,26
20190347,27
20190347,29
20190347,32
20190347,50
20190347,51
20190347,52
20190347,53
20190347,75
20190347,82
20190350,1
20190350,2
20190350,3
20190350,4
20190350,5
20190350,7
20190350,8
20190350,9
20190350,10
20190350,11
20190350,13
20190350,14
20190350,15
20190350,16
20190350,18
20190350,19
20190350,20
20190350,21
20190350,22
20190350,25
20190350,178
20190350,6
20190350,12
20190350,17
20190350,23
20190350,24
20190350,26
20190350,27
20190350,29
20190350,32
20190350,50
20190350,51
20190350,52
20190350,53
20190350,75
20190350,82
20190356,1
20190356,2
20190356,3
20190356,4
20190356,5
20190356,7
20190356,8
20190356,9
20190356,10
20190356,11
20190356,13
20190356,14
20190356,15
20190356,16
20190356,18
20190356,19
20190356,20
20190356,21
20190356,22
20190356,25
20190356,178
20190356,6
20190356,12
20190356,17
20190356,23
20190356,24
20190356,26
20190356,27
20190356,29
20190356,32
20190356,50
20190356,51
20190356,52
20190356,53
20190356,75
20190356,82
20190357,1
20190357,2
20190357,3
20190357,4
20190357,5
20190357,7
20190357,8
20190357,9
20190357,10
20190357,11
20190357,13
20190357,14
20190357,15
20190357,16
20190357,18
20190357,19
20190357,20
20190357,21
20190357,22
20190357,25
20190357,178
20190357,6
20190357,12
20190357,17
20190357,23
20190357,24
20190357,26
20190357,27
20190357,29
20190357,32
20190357,50
20190357,51
20190357,52
20190357,53
20190357,75
20190357,82
20190367,1
20190367,2
20190367,3
20190367,4
20190367,5
20190367,7
20190367,8
20190367,9
20190367,10
20190367,11
20190367,13
20190367,14
20190367,15
20190367,16
20190367,18
20190367,19
20190367,20
20190367,21
20190367,22
20190367,25
20190367,178
20190367,6
20190367,12
20190367,17
20190367,23
20190367,24
20190367,26
20190367,27
20190367,29
20190367,32
20190367,50
20190367,51
20190367,52
20190367,53
20190367,75
20190367,82
20190380,1
20190380,2
20190380,3
20190380,4
20190380,5
20190380,7
20190380,8
20190380,9
20190380,10
20190380,11
20190380,13
20190380,14
20190380,15
20190380,16
20190380,18
20190380,19
20190380,20
20190380,21
20190380,22
20190380,25
20190380,178
20190380,6
20190380,12
20190380,17
20190380,23
20190380,24
20190380,26
20190380,27
20190380,29
20190380,32
20190380,50
20190380,51
20190380,52
20190380,53
20190380,75
20190380,82
20190390,1
20190390,2
20190390,3
20190390,4
20190390,5
20190390,7
20190390,8
20190390,9
20190390,10
20190390,11
20190390,13
20190390,14
20190390,15
20190390,16
20190390,18
20190390,19
20190390,20
20190390,21
20190390,22
20190390,25
20190390,178
20190390,6
20190390,12
20190390,17
20190390,23
20190390,24
20190390,26
20190390,27
20190390,29
20190390,32
20190390,50
20190390,51
20190390,52
20190390,53
20190390,75
20190390,82
20190396,1
20190396,2
20190396,3
20190396,4
20190396,5
20190396,7
20190396,8
20190396,9
20190396,10
20190396,11
20190396,13
20190396,14
20190396,15
20190396,16
20190396,18
20190396,19
20190396,20
20190396,21
20190396,22
20190396,25
20190396,178
20190396,6
20190396,12
20190396,17
20190396,23
20190396,24
20190396,26
20190396,27
20190396,29
20190396,32
20190396,50
20190396,51
20190396,52
20190396,53
20190396,75
20190396,82
20190397,1
20190397,2
20190397,3
20190397,4
20190397,5
20190397,7
20190397,8
20190397,9
20190397,10
20190397,11
20190397,13
20190397,14
20190397,15
20190397,16
20190397,18
20190397,19
20190397,20
20190397,21
20190397,22
20190397,25
20190397,178
20190397,6
20190397,12
20190397,17
20190397,23
20190397,24
20190397,26
20190397,27
20190397,29
20190397,32
20190397,50
20190397,51
20190397,52
20190397,53
20190397,75
20190397,82
20190400,1
20190400,2
20190400,3
20190400,4
20190400,5
20190400,7
20190400,8
20190400,9
20190400,10
20190400,11
20190400,13
20190400,14
20190400,15
20190400,16
20190400,18
20190400,19
20190400,20
20190400,21
20190400,22
20190400,25
20190400,178
20190400,6
20190400,12
20190400,17
20190400,23
20190400,24
20190400,26
20190400,27
20190400,29
20190400,32
20190400,50
20190400,51
20190400,52
20190400,53
20190400,75
20190400,82
20190402,1
20190402,2
20190402,3
20190402,4
20190402,5
20190402,7
20190402,8
20190402,9
20190402,10
20190402,11
20190402,13
20190402,14
20190402,15
20190402,16
20190402,18
20190402,19
20190402,20
20190402,21
20190402,22
20190402,25
20190402,178
20190402,6
20190402,12
20190402,17
20190402,23
20190402,24
20190402,26
20190402,27
20190402,29
20190402,32
20190402,50
20190402,51
20190402,52
20190402,53
20190402,75
20190402,82
20190416,1
20190416,2
20190416,3
20190416,4
20190416,5
20190416,7
20190416,8
20190416,9
20190416,10
20190416,11
20190416,13
20190416,14
20190416,15
20190416,16
20190416,18
20190416,19
20190416,20
20190416,21
20190416,22
20190416,25
20190416,178
20190416,6
20190416,12
20190416,17
20190416,23
20190416,24
20190416,26
20190416,27
20190416,29
20190416,32
20190416,50
20190416,51
20190416,52
20190416,53
20190416,75
20190416,82
20190417,1
20190417,2
20190417,3
20190417,4
20190417,5
20190417,7
20190417,8
20190417,9
20190417,10
20190417,11
20190417,13
20190417,14
20190417,15
20190417,16
20190417,18
20190417,19
20190417,20
20190417,21
20190417,22
20190417,25
20190417,178
20190417,6
20190417,12
20190417,17
20190417,23
20190417,24
20190417,26
20190417,27
20190417,29
20190417,32
20190417,50
20190417,51
20190417,52
20190417,53
20190417,75
20190417,82
20190419,1
20190419,2
20190419,3
20190419,4
20190419,5
20190419,7
20190419,8
20190419,9
20190419,10
20190419,11
20190419,13
20190419,14
20190419,15
20190419,16
20190419,18
20190419,19
20190419,20
20190419,21
20190419,22
20190419,25
20190419,178
20190419,6
20190419,12
20190419,17
20190419,23
20190419,24
20190419,26
20190419,27
20190419,29
20190419,32
20190419,50
20190419,51
20190419,52
20190419,53
20190419,75
20190419,82
20190421,1
20190421,2
20190421,3
20190421,4
20190421,5
20190421,7
20190421,8
20190421,9
20190421,10
20190421,11
20190421,13
20190421,14
20190421,15
20190421,16
20190421,18
20190421,19
20190421,20
20190421,21
20190421,22
20190421,25
20190421,178
20190421,6
20190421,12
20190421,17
20190421,23
20190421,24
20190421,26
20190421,27
20190421,29
20190421,32
20190421,50
20190421,51
20190421,52
20190421,53
20190421,75
20190421,82
20190422,1
20190422,2
20190422,3
20190422,4
20190422,5
20190422,7
20190422,8
20190422,9
20190422,10
20190422,11
20190422,13
20190422,14
20190422,15
20190422,16
20190422,18
20190422,19
20190422,20
20190422,21
20190422,22
20190422,25
20190422,178
20190422,6
20190422,12
20190422,17
20190422,23
20190422,24
20190422,26
20190422,27
20190422,29
20190422,32
20190422,50
20190422,51
20190422,52
20190422,53
20190422,75
20190422,82
20190428,1
20190428,2
20190428,3
20190428,4
20190428,5
20190428,7
20190428,8
20190428,9
20190428,10
20190428,11
20190428,13
20190428,14
20190428,15
20190428,16
20190428,18
20190428,19
20190428,20
20190428,21
20190428,22
20190428,25
20190428,178
20190428,6
20190428,12
20190428,17
20190428,23
20190428,24
20190428,26
20190428,27
20190428,29
20190428,32
20190428,50
20190428,51
20190428,52
20190428,53
20190428,75
20190428,82
20190432,1
20190432,2
20190432,3
20190432,4
20190432,5
20190432,7
20190432,8
20190432,9
20190432,10
20190432,11
20190432,13
20190432,14
20190432,15
20190432,16
20190432,18
20190432,19
20190432,20
20190432,21
20190432,22
20190432,25
20190432,178
20190432,6
20190432,12
20190432,17
20190432,23
20190432,24
20190432,26
20190432,27
20190432,29
20190432,32
20190432,50
20190432,51
20190432,52
20190432,53
20190432,75
20190432,82
20190435,1
20190435,2
20190435,3
20190435,4
20190435,5
20190435,7
20190435,8
20190435,9
20190435,10
20190435,11
20190435,13
20190435,14
20190435,15
20190435,16
20190435,18
20190435,19
20190435,20
20190435,21
20190435,22
20190435,25
20190435,178
20190435,6
20190435,12
20190435,17
20190435,23
20190435,24
20190435,26
20190435,27
20190435,29
20190435,32
20190435,50
20190435,51
20190435,52
20190435,53
20190435,75
20190435,82
20190439,1
20190439,2
20190439,3
20190439,4
20190439,5
20190439,7
20190439,8
20190439,9
20190439,10
20190439,11
20190439,13
20190439,14
20190439,15
20190439,16
20190439,18
20190439,19
20190439,20
20190439,21
20190439,22
20190439,25
20190439,178
20190439,6
20190439,12
20190439,17
20190439,23
20190439,24
20190439,26
20190439,27
20190439,29
20190439,32
20190439,50
20190439,51
20190439,52
20190439,53
20190439,75
20190439,82
20190441,1
20190441,2
20190441,3
20190441,4
20190441,5
20190441,7
20190441,8
20190441,9
20190441,10
20190441,11
20190441,13
20190441,14
20190441,15
20190441,16
20190441,18
20190441,19
20190441,20
20190441,21
20190441,22
20190441,25
20190441,178
20190441,6
20190441,12
20190441,17
20190441,23
20190441,24
20190441,26
20190441,27
20190441,29
20190441,32
20190441,50
20190441,51
20190441,52
20190441,53
20190441,75
20190441,82
20190442,1
20190442,2
20190442,3
20190442,4
20190442,5
20190442,7
20190442,8
20190442,9
20190442,10
20190442,11
20190442,13
20190442,14
20190442,15
20190442,16
20190442,18
20190442,19
20190442,20
20190442,21
20190442,22
20190442,25
20190442,178
20190442,6
20190442,12
20190442,17
20190442,23
20190442,24
20190442,26
20190442,27
20190442,29
20190442,32
20190442,50
20190442,51
20190442,52
20190442,53
20190442,75
20190442,82
20190444,1
20190444,2
20190444,3
20190444,4
20190444,5
20190444,7
20190444,8
20190444,9
20190444,10
20190444,11
20190444,13
20190444,14
20190444,15
20190444,16
20190444,18
20190444,19
20190444,20
20190444,21
20190444,22
20190444,25
20190444,178
20190444,6
20190444,12
20190444,17
20190444,23
20190444,24
20190444,26
20190444,27
20190444,29
20190444,32
20190444,50
20190444,51
20190444,52
20190444,53
20190444,75
20190444,82
20190447,1
20190447,2
20190447,3
20190447,4
20190447,5
20190447,7
20190447,8
20190447,9
20190447,10
20190447,11
20190447,13
20190447,14
20190447,15
20190447,16
20190447,18
20190447,19
20190447,20
20190447,21
20190447,22
20190447,25
20190447,178
20190447,6
20190447,12
20190447,17
20190447,23
20190447,24
20190447,26
20190447,27
20190447,29
20190447,32
20190447,50
20190447,51
20190447,52
20190447,53
20190447,75
20190447,82
20190453,1
20190453,2
20190453,3
20190453,4
20190453,5
20190453,7
20190453,8
20190453,9
20190453,10
20190453,11
20190453,13
20190453,14
20190453,15
20190453,16
20190453,18
20190453,19
20190453,20
20190453,21
20190453,22
20190453,25
20190453,178
20190453,6
20190453,12
20190453,17
20190453,23
20190453,24
20190453,26
20190453,27
20190453,29
20190453,32
20190453,50
20190453,51
20190453,52
20190453,53
20190453,75
20190453,82
20190454,1
20190454,2
20190454,3
20190454,4
20190454,5
20190454,7
20190454,8
20190454,9
20190454,10
20190454,11
20190454,13
20190454,14
20190454,15
20190454,16
20190454,18
20190454,19
20190454,20
20190454,21
20190454,22
20190454,25
20190454,178
20190454,6
20190454,12
20190454,17
20190454,23
20190454,24
20190454,26
20190454,27
20190454,29
20190454,32
20190454,50
20190454,51
20190454,52
20190454,53
20190454,75
20190454,82
20190461,1
20190461,2
20190461,3
20190461,4
20190461,5
20190461,7
20190461,8
20190461,9
20190461,10
20190461,11
20190461,13
20190461,14
20190461,15
20190461,16
20190461,18
20190461,19
20190461,20
20190461,21
20190461,22
20190461,25
20190461,178
20190461,6
20190461,12
20190461,17
20190461,23
20190461,24
20190461,26
20190461,27
20190461,29
20190461,32
20190461,50
20190461,51
20190461,52
20190461,53
20190461,75
20190461,82
20190462,1
20190462,2
20190462,3
20190462,4
20190462,5
20190462,7
20190462,8
20190462,9
20190462,10
20190462,11
20190462,13
20190462,14
20190462,15
20190462,16
20190462,18
20190462,19
20190462,20
20190462,21
20190462,22
20190462,25
20190462,178
20190462,6
20190462,12
20190462,17
20190462,23
20190462,24
20190462,26
20190462,27
20190462,29
20190462,32
20190462,50
20190462,51
20190462,52
20190462,53
20190462,75
20190462,82
20190463,1
20190463,2
20190463,3
20190463,4
20190463,5
20190463,7
20190463,8
20190463,9
20190463,10
20190463,11
20190463,13
20190463,14
20190463,15
20190463,16
20190463,18
20190463,19
20190463,20
20190463,21
20190463,22
20190463,25
20190463,178
20190463,6
20190463,12
20190463,17
20190463,23
20190463,24
20190463,26
20190463,27
20190463,29
20190463,32
20190463,50
20190463,51
20190463,52
20190463,53
20190463,75
20190463,82
20190466,1
20190466,2
20190466,3
20190466,4
20190466,5
20190466,7
20190466,8
20190466,9
20190466,10
20190466,11
20190466,13
20190466,14
20190466,15
20190466,16
20190466,18
20190466,19
20190466,20
20190466,21
20190466,22
20190466,25
20190466,178
20190466,6
20190466,12
20190466,17
20190466,23
20190466,24
20190466,26
20190466,27
20190466,29
20190466,32
20190466,50
20190466,51
20190466,52
20190466,53
20190466,75
20190466,82
20190467,1
20190467,2
20190467,3
20190467,4
20190467,5
20190467,7
20190467,8
20190467,9
20190467,10
20190467,11
20190467,13
20190467,14
20190467,15
20190467,16
20190467,18
20190467,19
20190467,20
20190467,21
20190467,22
20190467,25
20190467,178
20190467,6
20190467,12
20190467,17
20190467,23
20190467,24
20190467,26
20190467,27
20190467,29
20190467,32
20190467,50
20190467,51
20190467,52
20190467,53
20190467,75
20190467,82
20190468,1
20190468,2
20190468,3
20190468,4
20190468,5
20190468,7
20190468,8
20190468,9
20190468,10
20190468,11
20190468,13
20190468,14
20190468,15
20190468,16
20190468,18
20190468,19
20190468,20
20190468,21
20190468,22
20190468,25
20190468,178
20190468,6
20190468,12
20190468,17
20190468,23
20190468,24
20190468,26
20190468,27
20190468,29
20190468,32
20190468,50
20190468,51
20190468,52
20190468,53
20190468,75
20190468,82
20190470,1
20190470,2
20190470,3
20190470,4
20190470,5
20190470,7
20190470,8
20190470,9
20190470,10
20190470,11
20190470,13
20190470,14
20190470,15
20190470,16
20190470,18
20190470,19
20190470,20
20190470,21
20190470,22
20190470,25
20190470,178
20190470,6
20190470,12
20190470,17
20190470,23
20190470,24
20190470,26
20190470,27
20190470,29
20190470,32
20190470,50
20190470,51
20190470,52
20190470,53
20190470,75
20190470,82
20190473,1
20190473,2
20190473,3
20190473,4
20190473,5
20190473,7
20190473,8
20190473,9
20190473,10
20190473,11
20190473,13
20190473,14
20190473,15
20190473,16
20190473,18
20190473,19
20190473,20
20190473,21
20190473,22
20190473,25
20190473,178
20190473,6
20190473,12
20190473,17
20190473,23
20190473,24
20190473,26
20190473,27
20190473,29
20190473,32
20190473,50
20190473,51
20190473,52
20190473,53
20190473,75
20190473,82
20190474,1
20190474,2
20190474,3
20190474,4
20190474,5
20190474,7
20190474,8
20190474,9
20190474,10
20190474,11
20190474,13
20190474,14
20190474,15
20190474,16
20190474,18
20190474,19
20190474,20
20190474,21
20190474,22
20190474,25
20190474,178
20190474,6
20190474,12
20190474,17
20190474,23
20190474,24
20190474,26
20190474,27
20190474,29
20190474,32
20190474,50
20190474,51
20190474,52
20190474,53
20190474,75
20190474,82
20190485,1
20190485,2
20190485,3
20190485,4
20190485,5
20190485,7
20190485,8
20190485,9
20190485,10
20190485,11
20190485,13
20190485,14
20190485,15
20190485,16
20190485,18
20190485,19
20190485,20
20190485,21
20190485,22
20190485,25
20190485,178
20190485,6
20190485,12
20190485,17
20190485,23
20190485,24
20190485,26
20190485,27
20190485,29
20190485,32
20190485,50
20190485,51
20190485,52
20190485,53
20190485,75
20190485,82
20190486,1
20190486,2
20190486,3
20190486,4
20190486,5
20190486,7
20190486,8
20190486,9
20190486,10
20190486,11
20190486,13
20190486,14
20190486,15
20190486,16
20190486,18
20190486,19
20190486,20
20190486,21
20190486,22
20190486,25
20190486,178
20190486,6
20190486,12
20190486,17
20190486,23
20190486,24
20190486,26
20190486,27
20190486,29
20190486,32
20190486,50
20190486,51
20190486,52
20190486,53
20190486,75
20190486,82
20190493,1
20190493,2
20190493,3
20190493,4
20190493,5
20190493,7
20190493,8
20190493,9
20190493,10
20190493,11
20190493,13
20190493,14
20190493,15
20190493,16
20190493,18
20190493,19
20190493,20
20190493,21
20190493,22
20190493,25
20190493,178
20190493,6
20190493,12
20190493,17
20190493,23
20190493,24
20190493,26
20190493,27
20190493,29
20190493,32
20190493,50
20190493,51
20190493,52
20190493,53
20190493,75
20190493,82
20190522,1
20190522,2
20190522,3
20190522,4
20190522,5
20190522,7
20190522,8
20190522,9
20190522,10
20190522,11
20190522,13
20190522,14
20190522,15
20190522,16
20190522,18
20190522,19
20190522,20
20190522,21
20190522,22
20190522,25
20190522,178
20190522,6
20190522,12
20190522,17
20190522,23
20190522,24
20190522,26
20190522,27
20190522,29
20190522,32
20190522,50
20190522,51
20190522,52
20190522,53
20190522,75
20190522,82
20190524,1
20190524,2
20190524,3
20190524,4
20190524,5
20190524,7
20190524,8
20190524,9
20190524,10
20190524,11
20190524,13
20190524,14
20190524,15
20190524,16
20190524,18
20190524,19
20190524,20
20190524,21
20190524,22
20190524,25
20190524,178
20190524,6
20190524,12
20190524,17
20190524,23
20190524,24
20190524,26
20190524,27
20190524,29
20190524,32
20190524,50
20190524,51
20190524,52
20190524,53
20190524,75
20190524,82
20190531,1
20190531,2
20190531,3
20190531,4
20190531,5
20190531,7
20190531,8
20190531,9
20190531,10
20190531,11
20190531,13
20190531,14
20190531,15
20190531,16
20190531,18
20190531,19
20190531,20
20190531,21
20190531,22
20190531,25
20190531,178
20190531,6
20190531,12
20190531,17
20190531,23
20190531,24
20190531,26
20190531,27
20190531,29
20190531,32
20190531,50
20190531,51
20190531,52
20190531,53
20190531,75
20190531,82
20190550,1
20190550,2
20190550,3
20190550,4
20190550,5
20190550,7
20190550,8
20190550,9
20190550,10
20190550,11
20190550,13
20190550,14
20190550,15
20190550,16
20190550,18
20190550,19
20190550,20
20190550,21
20190550,22
20190550,25
20190550,178
20190550,6
20190550,12
20190550,17
20190550,23
20190550,24
20190550,26
20190550,27
20190550,29
20190550,32
20190550,50
20190550,51
20190550,52
20190550,53
20190550,75
20190550,82
20190553,1
20190553,2
20190553,3
20190553,4
20190553,5
20190553,7
20190553,8
20190553,9
20190553,10
20190553,11
20190553,13
20190553,14
20190553,15
20190553,16
20190553,18
20190553,19
20190553,20
20190553,21
20190553,22
20190553,25
20190553,178
20190553,6
20190553,12
20190553,17
20190553,23
20190553,24
20190553,26
20190553,27
20190553,29
20190553,32
20190553,50
20190553,51
20190553,52
20190553,53
20190553,75
20190553,82
20190554,1
20190554,2
20190554,3
20190554,4
20190554,5
20190554,7
20190554,8
20190554,9
20190554,10
20190554,11
20190554,13
20190554,14
20190554,15
20190554,16
20190554,18
20190554,19
20190554,20
20190554,21
20190554,22
20190554,25
20190554,178
20190554,6
20190554,12
20190554,17
20190554,23
20190554,24
20190554,26
20190554,27
20190554,29
20190554,32
20190554,50
20190554,51
20190554,52
20190554,53
20190554,75
20190554,82
20190557,1
20190557,2
20190557,3
20190557,4
20190557,5
20190557,7
20190557,8
20190557,9
20190557,10
20190557,11
20190557,13
20190557,14
20190557,15
20190557,16
20190557,18
20190557,19
20190557,20
20190557,21
20190557,22
20190557,25
20190557,178
20190557,6
20190557,12
20190557,17
20190557,23
20190557,24
20190557,26
20190557,27
20190557,29
20190557,32
20190557,50
20190557,51
20190557,52
20190557,53
20190557,75
20190557,82
20190563,1
20190563,2
20190563,3
20190563,4
20190563,5
20190563,7
20190563,8
20190563,9
20190563,10
20190563,11
20190563,13
20190563,14
20190563,15
20190563,16
20190563,18
20190563,19
20190563,20
20190563,21
20190563,22
20190563,25
20190563,178
20190563,6
20190563,12
20190563,17
20190563,23
20190563,24
20190563,26
20190563,27
20190563,29
20190563,32
20190563,50
20190563,51
20190563,52
20190563,53
20190563,75
20190563,82
20190564,1
20190564,2
20190564,3
20190564,4
20190564,5
20190564,7
20190564,8
20190564,9
20190564,10
20190564,11
20190564,13
20190564,14
20190564,15
20190564,16
20190564,18
20190564,19
20190564,20
20190564,21
20190564,22
20190564,25
20190564,178
20190564,6
20190564,12
20190564,17
20190564,23
20190564,24
20190564,26
20190564,27
20190564,29
20190564,32
20190564,50
20190564,51
20190564,52
20190564,53
20190564,75
20190564,82
20190569,1
20190569,2
20190569,3
20190569,4
20190569,5
20190569,7
20190569,8
20190569,9
20190569,10
20190569,11
20190569,13
20190569,14
20190569,15
20190569,16
20190569,18
20190569,19
20190569,20
20190569,21
20190569,22
20190569,25
20190569,178
20190569,6
20190569,12
20190569,17
20190569,23
20190569,24
20190569,26
20190569,27
20190569,29
20190569,32
20190569,50
20190569,51
20190569,52
20190569,53
20190569,75
20190569,82
20190573,1
20190573,2
20190573,3
20190573,4
20190573,5
20190573,7
20190573,8
20190573,9
20190573,10
20190573,11
20190573,13
20190573,14
20190573,15
20190573,16
20190573,18
20190573,19
20190573,20
20190573,21
20190573,22
20190573,25
20190573,178
20190573,6
20190573,12
20190573,17
20190573,23
20190573,24
20190573,26
20190573,27
20190573,29
20190573,32
20190573,50
20190573,51
20190573,52
20190573,53
20190573,75
20190573,82
20190575,1
20190575,2
20190575,3
20190575,4
20190575,5
20190575,7
20190575,8
20190575,9
20190575,10
20190575,11
20190575,13
20190575,14
20190575,15
20190575,16
20190575,18
20190575,19
20190575,20
20190575,21
20190575,22
20190575,25
20190575,178
20190575,6
20190575,12
20190575,17
20190575,23
20190575,24
20190575,26
20190575,27
20190575,29
20190575,32
20190575,50
20190575,51
20190575,52
20190575,53
20190575,75
20190575,82
20190588,1
20190588,2
20190588,3
20190588,4
20190588,5
20190588,7
20190588,8
20190588,9
20190588,10
20190588,11
20190588,13
20190588,14
20190588,15
20190588,16
20190588,18
20190588,19
20190588,20
20190588,21
20190588,22
20190588,25
20190588,178
20190588,6
20190588,12
20190588,17
20190588,23
20190588,24
20190588,26
20190588,27
20190588,29
20190588,32
20190588,50
20190588,51
20190588,52
20190588,53
20190588,75
20190588,82
